<?xml version="1.0" encoding="UTF-8"?>
<beans xmlns="http://www.springframework.org/schema/beans"
	xmlns:xsi="http://www.w3.org/2001/XMLSchema-instance"
	xmlns:aop="http://www.springframework.org/schema/aop"
	xsi:schemaLocation="http://www.springframework.org/schema/aop http://www.springframework.org/schema/aop/spring-aop.xsd
		http://www.springframework.org/schema/beans http://www.springframework.org/schema/beans/spring-beans.xsd
		http://www.springframework.org/schema/context http://www.springframework.org/schema/context/spring-context.xsd"
	xmlns:context="http://www.springframework.org/schema/context">

<bean id="hw" class="com.demo.beans.HelloWorld">
</bean>
<bean id='addr1' class="com.demo.beans.Address" >
<property name="aid" value="1"></property>
<property name="city" value="Pune"></property>
<property name="street" value="Maharashtra"></property>

</bean>
<!-- <bean id='addr2' class="com.demo.beans.Address" >
<property name="aid" value="2"></property>
<property name="city" value="mumbai"></property>
<property name="street" value="Maharashtra"></property>

</bean> -->
<bean id="user1" class="com.demo.beans.User" autowire="byType">
   <property name="uid" value="11"></property>
   <property name="uname" value="Rajan"></property>
   <property name="mobile" value="111111"></property>
   <!-- <property name="address" ref="addr1"></property> -->
</bean>	
<bean id="user2" class="com.demo.beans.User" autowire="constructor">
   <constructor-arg index="0" value="12"></constructor-arg>
   <constructor-arg index="1" value="Kishori"></constructor-arg>
   <constructor-arg index="2" value="2222222"></constructor-arg>
   <!-- <constructor-arg index="3" ref="addr1"></constructor-arg> -->
</bean>	
</beans>